new FZP,FZP Disp,nr,part admin,old FZP,new Bread,Bread Disp,old Bread,new Schem,Schem Disp,old Schem,new PCB,PCB Disp,old PCB,title,description,family,props,tags

,"discard (new)
replace (old)
variant
merge
generate
new",,,,,"DIP
generatedbreakout
existing
generated
illustrate
programmatic",,,"existing
illustrate
generated",,,"existing
illustrate
generated",,,,,,

robotica-ifrn-sc-sensores-tcrt5000-.fzp,new,,,,robotica-ifrn-sc-sensores_tcrt5000_breadboard.svg,new,,robotica-ifrn-sc-sensores_optical_sensor_schematic.svg,new,,robotica-ifrn-sc-sensores_tcrt5000_pcb.svg,new,,"TCRT5000","",tcrt5000,"package:tcrt5000","TCRT5000",
robotica-ifrn-sc-sensores-tcs3200-.fzp,new,,,,robotica-ifrn-sc-sensores_tcs3200_breadboard.svg,new,,robotica-ifrn-sc-sensores_tcs3200_schematic.svg,new,,robotica-ifrn-sc-sensores_tcs3200_pcb.svg,new,,"TCS3200","",tcs3200,"package:tcs3200","TCS3200",
robotica-ifrn-sc-sensores-tcs3200_2-tcs3200_2.fzp,new,,,,robotica-ifrn-sc-sensores_tcs3200_2_breadboard.svg,new,,robotica-ifrn-sc-sensores_tcs3200_2_schematic.svg,new,,robotica-ifrn-sc-sensores_tcs3200_2_pcb.svg,new,,"TCS3200_2","",tcs3200_2,"package:tcs3200_2
variant:tcs3200_2","TCS3200_2",
